{
  "cases": {
    "binary": {
      "cardinality": 50,
      "case": "binary",
      "fit_s": {
        "median": 0.002255207975395024,
        "spread": 0.0014416039921343327
      },
      "fit_transform_s": {
        "median": 0.017407707986421883,
        "spread": 0.001821979007218033
      },
      "n": 10000,
      "n_out_cols": 1,
      "pos_rate": 0.3,
      "quality": {},
      "transform_s": {
        "median": 0.0008096660021692514,
        "spread": 2.622947795316577e-05
      }
    },
    "combination": {
      "case": "multi_column",
      "fit_s": {
        "median": 0.01387550006620586,
        "spread": 0.002983853977639228
      },
      "fit_transform_s": {
        "median": 0.09488679200876504,
        "spread": 0.005979500012472272
      },
      "n": 10000,
      "n_cols": 4,
      "n_out_cols": 1,
      "quality": {},
      "transform_s": {
        "median": 0.009892250061966479,
        "spread": 0.0016778334975242615
      }
    },
    "count": {
      "cardinality": 500,
      "case": "high_cardinality",
      "fit_s": {
        "median": 0.0011707909870892763,
        "spread": 0.0014458755031228065
      },
      "fit_transform_s": {
        "median": 0.0021022919099777937,
        "spread": 0.00046245806152001023
      },
      "n": 10000,
      "n_out_cols": 1,
      "quality": {},
      "transform_s": {
        "median": 0.00082016596570611,
        "spread": 5.008344305679202e-05
      }
    },
    "high_cardinality": {
      "cardinality": 500,
      "case": "high_cardinality",
      "fit_s": {
        "median": 0.002124540973454714,
        "spread": 0.0009726459975354373
      },
      "fit_transform_s": {
        "median": 0.018660458037629724,
        "spread": 0.0018016870017163455
      },
      "n": 10000,
      "n_out_cols": 1,
      "quality": {},
      "transform_s": {
        "median": 0.0009081659372895956,
        "spread": 0.000540395500138402
      }
    },
    "multiclass": {
      "cardinality": 50,
      "case": "multiclass",
      "classes": 5,
      "fit_s": {
        "median": 0.00941383303143084,
        "spread": 0.0006001045112498105
      },
      "fit_transform_s": {
        "median": 0.06992479204200208,
        "spread": 0.008981561986729503
      },
      "n": 10000,
      "n_out_cols": 5,
      "quality": {},
      "transform_s": {
        "median": 0.002666708081960678,
        "spread": 0.0002049999893642962
      }
    },
    "regression": {
      "cardinality": 50,
      "case": "regression",
      "fit_s": {
        "median": 0.0022583749378100038,
        "spread": 0.0010440420010127127
      },
      "fit_transform_s": {
        "median": 0.016241375007666647,
        "spread": 0.0024494585231877863
      },
      "n": 10000,
      "n_out_cols": 1,
      "quality": {
        "oof_rmse": 0.5024214126454706
      },
      "transform_s": {
        "median": 0.0007542079547420144,
        "spread": 1.4646037016063929e-05
      }
    },
    "regression_std": {
      "cardinality": 50,
      "case": "regression",
      "fit_s": {
        "median": 0.002077291952446103,
        "spread": 0.00018660450587049127
      },
      "fit_transform_s": {
        "median": 0.018527208012528718,
        "spread": 0.0026257289573550224
      },
      "n": 10000,
      "n_out_cols": 1,
      "quality": {},
      "transform_s": {
        "median": 0.0008032920304685831,
        "spread": 4.956248449161649e-05
      }
    }
  },
  "meta": {
    "backend": "cpu",
    "git_sha": "6a75054",
    "ts": "2026-06-26T03:26:17+00:00",
    "versions": {
      "catstat": "0.0.1",
      "numpy": "1.23.5",
      "pandas": "1.5.2",
      "python": "3.11.1",
      "sklearn": "1.2.0"
    }
  },
  "size": "small"
}
